"Id","ID.pojazdu","Typ","Marka","Usterki","Cechy.szczególne"
98082709,1,"Rower",NA,NA,NA
98082709,2,"Samochód osobowy",NA,NA,NA
98084671,1,"Samochód osobowy",NA,NA,NA
98084671,2,"Rower",NA,NA,NA
98087599,1,"Samochód osobowy",NA,NA,NA
98087599,2,"Rower",NA,NA,NA
98089638,1,"Rower",NA,NA,NA
98089638,2,"Samochód osobowy",NA,NA,NA
98090173,1,"Samochód osobowy",NA,NA,NA
98090173,2,"Rower",NA,NA,NA
98094187,1,"Samochód osobowy",NA,NA,NA
98094187,2,"Rower",NA,NA,NA
98094525,1,"Samochód osobowy",NA,NA,NA
98094525,2,"Rower",NA,NA,NA
98095148,1,"Samochód osobowy",NA,NA,NA
98095148,2,"Rower",NA,NA,NA
98097067,1,"Samochód osobowy",NA,NA,NA
98097067,2,"Rower",NA,NA,NA
98099455,1,"Samochód osobowy",NA,NA,NA
98099455,2,"Rower",NA,NA,NA
98099468,1,"Samochód osobowy",NA,NA,NA
98099468,2,"Rower",NA,NA,NA
98105590,1,"Rower",NA,NA,NA
98105590,2,"Samochód osobowy",NA,NA,NA
98107397,1,"Samochód osobowy",NA,NA,NA
98107397,2,"Rower",NA,NA,NA
98107990,1,"Samochód osobowy",NA,NA,NA
98107990,2,"Rower",NA,NA,NA
98109552,1,"Samochód osobowy",NA,NA,NA
98109552,2,"Rower",NA,NA,NA
98110835,1,"Samochód osobowy",NA,NA,NA
98110835,2,"Rower",NA,NA,NA
98111059,1,"Rower",NA,NA,NA
98111059,2,"Samochód osobowy",NA,NA,NA
98115879,1,"Samochód osobowy",NA,NA,NA
98115879,2,"Rower",NA,NA,NA
98120683,1,"Rower",NA,NA,NA
98120683,2,"Samochód osobowy",NA,NA,NA
98124207,1,"Samochód osobowy",NA,NA,NA
98124207,2,"Rower",NA,NA,NA
98127057,1,"Rower",NA,NA,NA
98127057,2,"Samochód osobowy",NA,NA,NA
98127662,1,"Samochód osobowy",NA,NA,NA
98127662,2,"Rower",NA,NA,NA
98130092,1,"Rower",NA,NA,NA
98130092,2,"Samochód osobowy",NA,NA,NA
98131937,1,"Samochód osobowy",NA,NA,NA
98131937,2,"Rower",NA,NA,NA
98132497,1,"Samochód osobowy",NA,NA,NA
98132497,2,"Rower",NA,NA,NA
98132939,1,"Samochód osobowy",NA,NA,NA
98132939,2,"Rower",NA,NA,NA
98136007,1,"Samochód osobowy",NA,NA,NA
98136007,2,"Rower",NA,NA,NA
98136399,1,"Samochód osobowy",NA,NA,NA
98136399,2,"Rower",NA,NA,NA
98137054,1,"Samochód osobowy",NA,NA,NA
98137054,2,"Rower",NA,NA,NA
98138877,1,"Samochód osobowy",NA,NA,NA
98138877,2,"Rower",NA,NA,NA
98141625,1,"Rower",NA,NA,NA
98141625,2,"Samochód osobowy",NA,NA,NA
98141941,1,"Pojazd nieustalony",NA,NA,NA
98141941,2,"Rower",NA,NA,NA
98142556,1,"Rower",NA,NA,NA
98142556,2,"Samochód osobowy",NA,NA,NA
98142744,1,"Rower",NA,NA,NA
98142744,2,"Samochód osobowy",NA,NA,NA
98144146,1,"Rower",NA,NA,NA
98144324,1,"Samochód osobowy",NA,NA,NA
98144324,2,"Rower",NA,NA,NA
98144899,1,"Rower",NA,NA,NA
98144899,2,"Autobus komunikacji publicznej",NA,NA,NA
98145929,1,"Rower",NA,NA,NA
98145929,2,"Samochód osobowy",NA,NA,NA
98148605,1,"Rower",NA,NA,NA
98148605,2,"Samochód osobowy",NA,NA,NA
98150661,1,"Rower",NA,NA,NA
98150661,2,"Samochód osobowy",NA,NA,NA
98151481,1,"Rower",NA,NA,NA
98151481,2,"Samochód osobowy",NA,NA,NA
98154574,1,"Samochód osobowy",NA,NA,NA
98154574,2,"Rower",NA,NA,NA
98154803,1,"Samochód osobowy",NA,NA,NA
98154803,2,"Rower",NA,NA,NA
98155541,1,"Samochód osobowy",NA,NA,NA
98155541,2,"Rower",NA,NA,NA
98157917,1,"Samochód osobowy",NA,NA,NA
98157917,2,"Rower",NA,NA,NA
98159844,1,"Samochód osobowy",NA,NA,NA
98159844,2,"Rower",NA,NA,NA
98163842,1,"Rower",NA,NA,NA
98163842,2,"Samochód osobowy",NA,NA,NA
98165434,1,"Samochód ciężarowy DMC powyżej 3,5 T",NA,NA,NA
98165434,2,"Rower",NA,NA,NA
98165498,1,"Rower",NA,NA,NA
98165498,2,"Rower",NA,NA,NA
98165563,1,"Samochód osobowy",NA,NA,NA
98165563,2,"Rower",NA,NA,NA
98165662,1,"Samochód osobowy",NA,NA,NA
98165662,2,"Rower",NA,NA,NA
98166830,1,"Samochód osobowy",NA,NA,NA
98166830,2,"Rower",NA,NA,NA
98167361,1,"Samochód osobowy",NA,NA,NA
98167361,2,"Rower",NA,NA,NA
98167661,1,"Samochód osobowy",NA,NA,NA
98167661,2,"Rower",NA,NA,NA
98167673,1,"Samochód osobowy",NA,NA,NA
98167673,2,"Rower",NA,NA,NA
98167834,1,"Rower",NA,NA,NA
98167834,2,"Samochód osobowy",NA,NA,NA
98167917,1,"Rower",NA,NA,NA
98167917,2,"Autobus komunikacji publicznej",NA,NA,NA
98167960,1,"Rower",NA,NA,NA
98167960,2,"Samochód osobowy",NA,NA,NA
98168809,1,"Rower",NA,NA,NA
98168809,2,"Samochód osobowy",NA,NA,NA
98169922,1,"Samochód osobowy",NA,NA,NA
98169922,2,"Rower",NA,NA,NA
98173286,1,"Samochód osobowy",NA,NA,NA
98173286,2,"Rower",NA,NA,NA
98178894,1,"Samochód osobowy",NA,NA,NA
98178894,2,"Rower",NA,NA,NA
98179620,1,"Rower",NA,NA,NA
98179620,2,"Samochód osobowy",NA,NA,NA
98179658,1,"Samochód osobowy",NA,NA,NA
98179658,2,"Rower",NA,NA,NA
98180006,1,"Rower",NA,NA,NA
98180006,2,"Samochód osobowy",NA,NA,NA
98181076,1,"Samochód osobowy",NA,NA,NA
98181076,2,"Rower",NA,NA,NA
98181866,1,"Rower",NA,NA,NA
98181866,2,"Samochód osobowy",NA,NA,NA
98182990,1,"Samochód osobowy",NA,NA,NA
98182990,2,"Rower",NA,NA,NA
98183368,1,"Samochód osobowy",NA,NA,NA
98183368,2,"Rower",NA,NA,NA
98184184,1,"Samochód osobowy",NA,NA,NA
98184184,2,"Rower",NA,NA,NA
98184531,1,"Samochód osobowy",NA,NA,NA
98184531,2,"Rower",NA,NA,NA
98184837,1,"Samochód osobowy",NA,NA,NA
98184837,2,"Rower",NA,NA,NA
98187130,1,"Samochód osobowy",NA,NA,NA
98187130,2,"Rower",NA,NA,NA
98188034,1,"Rower",NA,NA,NA
98188034,2,"Samochód osobowy",NA,NA,NA
98188494,1,"Samochód osobowy",NA,NA,NA
98188494,2,"Rower",NA,NA,NA
98188716,1,"Samochód osobowy",NA,NA,NA
98188716,2,"Rower",NA,NA,NA
98189272,1,"Samochód osobowy",NA,NA,NA
98189272,2,"Rower",NA,NA,NA
98191403,1,"Samochód osobowy",NA,NA,NA
98191403,2,"Rower",NA,NA,NA
98193329,1,"Rower",NA,NA,NA
98193624,1,"Samochód osobowy",NA,NA,NA
98193624,2,"Rower",NA,NA,NA
98194104,1,"Samochód osobowy",NA,NA,NA
98194104,2,"Rower",NA,NA,NA
98194526,1,"Samochód osobowy",NA,NA,NA
98194526,2,"Rower",NA,NA,NA
98194668,1,"Rower",NA,NA,NA
98195266,1,"Samochód ciężarowy DMC powyżej 3,5 T",NA,NA,NA
98195266,2,"Rower",NA,NA,NA
98196019,1,"Pojazd nieustalony",NA,NA,NA
98196019,2,"Rower",NA,NA,NA
98196135,1,"Rower",NA,NA,NA
98196135,2,"Rower",NA,NA,NA
98196824,1,"Samochód osobowy",NA,NA,NA
98196824,2,"Rower",NA,NA,NA
98197218,1,"Rower",NA,NA,NA
98197218,2,"Samochód osobowy",NA,NA,NA
98197673,1,"Samochód osobowy",NA,NA,NA
98197673,2,"Rower",NA,NA,NA
98198831,1,"Samochód osobowy",NA,NA,NA
98198831,2,"Rower",NA,NA,NA
98200030,1,"Inny",NA,NA,NA
98200030,2,"Rower",NA,NA,NA
98200545,1,"Rower",NA,NA,NA
98200545,2,"Samochód osobowy",NA,NA,NA
98200565,1,"Rower",NA,NA,NA
98200565,2,"Autobus komunikacji publicznej",NA,NA,NA
98201659,1,"Samochód osobowy",NA,NA,NA
98201659,2,"Rower",NA,NA,NA
98202206,1,"Rower",NA,NA,NA
98202206,2,"Samochód osobowy",NA,NA,NA
98202798,1,"Samochód osobowy",NA,NA,NA
98202798,2,"Rower",NA,NA,NA
98203550,1,"Samochód osobowy",NA,NA,NA
98203550,2,"Rower",NA,NA,NA
98205360,1,"Samochód osobowy",NA,NA,NA
98205360,2,"Rower",NA,NA,NA
98205360,3,"Rower",NA,NA,NA
98206245,1,"Samochód osobowy",NA,NA,NA
98206245,2,"Rower",NA,NA,NA
98206826,1,"Rower",NA,NA,NA
98206826,2,"Samochód osobowy",NA,NA,NA
98206866,1,"Rower",NA,NA,NA
98206866,2,"Samochód osobowy",NA,NA,NA
98207442,1,"Rower",NA,NA,NA
98207572,1,"Samochód osobowy",NA,NA,NA
98207572,2,"Rower",NA,NA,NA
98207763,1,"Rower",NA,NA,NA
98207763,2,"Samochód osobowy",NA,NA,NA
98208019,1,"Rower",NA,NA,NA
98208019,2,"Samochód osobowy",NA,NA,NA
98208714,1,"Samochód ciężarowy DMC powyżej 3,5 T",NA,NA,NA
98208714,2,"Rower",NA,NA,NA
98208986,1,"Rower",NA,NA,NA
98208986,2,"Samochód osobowy",NA,NA,NA
98209202,1,"Rower",NA,NA,NA
98209611,1,"Samochód osobowy",NA,NA,NA
98209611,2,"Rower",NA,NA,NA
98209694,1,"Samochód ciężarowy DMC powyżej 3,5 T",NA,NA,NA
98209694,2,"Rower",NA,NA,NA
98210908,1,"Rower",NA,NA,NA
98211161,1,"Rower",NA,NA,NA
98211161,2,"Samochód osobowy",NA,NA,NA
98211500,1,"Rower",NA,NA,NA
98211500,2,"Samochód osobowy",NA,NA,NA
98213142,1,"Rower",NA,NA,NA
98213142,2,"Samochód osobowy",NA,NA,NA
98213613,1,"Rower",NA,NA,NA
98213613,2,"Samochód osobowy",NA,NA,NA
98213851,1,"Samochód osobowy",NA,NA,NA
98213851,2,"Rower",NA,NA,NA
98214352,1,"Samochód osobowy",NA,NA,NA
98214352,2,"Rower",NA,NA,NA
98214550,1,"Rower",NA,NA,NA
98214550,2,"Samochód osobowy",NA,NA,NA
98214602,1,"Samochód osobowy",NA,NA,NA
98214602,2,"Rower",NA,NA,NA
98214714,1,"Samochód osobowy",NA,NA,NA
98214714,2,"Rower",NA,NA,NA
98214807,1,"Rower",NA,NA,NA
98215017,1,"Samochód osobowy",NA,NA,NA
98215017,2,"Rower",NA,NA,NA
98215123,1,"Rower",NA,NA,NA
98215123,2,"Samochód osobowy",NA,NA,NA
98215303,1,"Rower",NA,NA,NA
98215303,2,"Pojazd nieustalony",NA,NA,NA
98216041,1,"Samochód osobowy",NA,NA,NA
98216041,2,"Rower",NA,NA,NA
98216906,1,"Rower",NA,NA,NA
98216906,2,"Samochód osobowy",NA,NA,NA
98217202,1,"Samochód osobowy",NA,NA,NA
98217202,2,"Rower",NA,NA,NA
98217205,1,"Rower",NA,NA,NA
98217511,1,"Samochód osobowy",NA,NA,NA
98217511,2,"Rower",NA,NA,NA
98218122,1,"Samochód osobowy",NA,NA,NA
98218122,2,"Rower",NA,NA,NA
98218589,1,"Rower",NA,NA,NA
98218589,2,"Samochód osobowy",NA,NA,NA
98218965,1,"Samochód osobowy",NA,NA,NA
98218965,2,"Samochód osobowy",NA,NA,NA
98218965,3,"Rower",NA,NA,NA
98219007,1,"Rower",NA,NA,NA
98219019,1,"Samochód osobowy",NA,NA,NA
98219019,2,"Rower",NA,NA,NA
98219085,1,"Rower",NA,NA,NA
98219625,1,"Rower",NA,NA,NA
98219625,2,"Samochód osobowy",NA,NA,NA
98219639,1,"Rower",NA,NA,NA
98219639,2,"Samochód osobowy",NA,NA,NA
98219708,1,"Samochód osobowy",NA,NA,NA
98219708,2,"Rower",NA,NA,NA
98220688,1,"Rower",NA,NA,NA
98220688,2,"Rower",NA,NA,NA
98220688,3,"Samochód ciężarowy DMC powyżej 3,5 T",NA,NA,NA
98221273,1,"Samochód osobowy",NA,NA,NA
98221273,2,"Rower",NA,NA,NA
98221275,1,"Samochód osobowy",NA,NA,NA
98221275,2,"Rower",NA,NA,NA
98222090,1,"Rower",NA,NA,NA
98222090,2,"Samochód osobowy",NA,NA,NA
98222101,1,"Rower",NA,NA,NA
98222101,2,"Samochód osobowy",NA,NA,NA
98222530,1,"Samochód osobowy",NA,NA,NA
98222530,2,"Rower",NA,NA,NA
98222827,1,"Samochód osobowy",NA,NA,NA
98222827,2,"Rower",NA,NA,NA
98222893,1,"Samochód osobowy",NA,NA,NA
98222893,2,"Rower",NA,NA,NA
98223185,1,"Samochód osobowy",NA,NA,NA
98223185,2,"Rower",NA,NA,NA
98223281,1,"Samochód osobowy",NA,NA,NA
98223281,2,"Rower",NA,NA,NA
98223893,1,"Samochód osobowy",NA,NA,NA
98223893,2,"Rower",NA,NA,NA
98224131,1,"Rower",NA,NA,NA
98224131,2,"Samochód osobowy",NA,NA,NA
98224509,1,"Samochód osobowy",NA,NA,NA
98224509,2,"Rower",NA,NA,NA
98225689,1,"Samochód ciężarowy DMC powyżej 3,5 T",NA,NA,NA
98225689,2,"Rower",NA,NA,NA
98225748,1,"Samochód osobowy",NA,NA,NA
98225748,2,"Rower",NA,NA,NA
98225788,1,"Samochód osobowy",NA,NA,NA
98225788,2,"Rower",NA,NA,NA
98225851,1,"Samochód osobowy",NA,NA,NA
98225851,2,"Rower",NA,NA,NA
98225900,1,"Samochód osobowy",NA,NA,NA
98225900,2,"Rower",NA,NA,NA
98227843,1,"Samochód osobowy",NA,NA,NA
98227843,2,"Rower",NA,NA,NA
98228578,1,"Rower",NA,NA,NA
98228578,2,"Samochód osobowy",NA,NA,NA
98228598,1,"Rower",NA,NA,NA
98228598,2,"Samochód osobowy",NA,NA,NA
98231242,1,"Rower",NA,NA,NA
98232113,1,"Rower",NA,NA,NA
98232113,2,"Samochód osobowy",NA,NA,NA
98234021,1,"Rower",NA,NA,NA
98234021,2,"Samochód osobowy",NA,NA,NA
98234459,1,"Samochód osobowy",NA,NA,NA
98234459,2,"Rower",NA,NA,NA
98234590,1,"Samochód osobowy",NA,NA,NA
98234590,2,"Rower",NA,NA,NA
98234695,1,"Samochód osobowy",NA,NA,NA
98234695,2,"Rower",NA,NA,NA
98237193,1,"Samochód osobowy",NA,NA,NA
98237193,2,"Rower",NA,NA,NA
98237960,1,"Samochód osobowy",NA,NA,NA
98237960,2,"Rower",NA,NA,NA
98238357,1,"Samochód osobowy",NA,NA,NA
98238357,2,"Rower",NA,NA,NA
98238769,1,"Samochód osobowy",NA,NA,NA
98238769,2,"Rower",NA,NA,NA
98238860,1,"Samochód osobowy",NA,NA,NA
98238860,2,"Rower",NA,NA,NA
98238928,1,"Samochód osobowy",NA,NA,NA
98238928,2,"Rower",NA,NA,NA
98239079,1,"Samochód osobowy",NA,NA,NA
98239079,2,"Rower",NA,NA,NA
98239107,1,"Rower",NA,NA,NA
98239107,2,"Samochód osobowy",NA,NA,NA
98242251,1,"Samochód osobowy",NA,NA,NA
98242251,2,"Rower",NA,NA,NA
98242308,1,"Rower",NA,NA,NA
98242367,1,"Samochód osobowy",NA,NA,NA
98242367,2,"Rower",NA,NA,NA
98242748,1,"Samochód osobowy",NA,NA,NA
98242748,2,"Rower",NA,NA,NA
98243458,1,"Rower",NA,NA,NA
98243458,2,"Samochód osobowy",NA,NA,NA
98243587,1,"Rower",NA,NA,NA
98243587,2,"Samochód osobowy",NA,NA,NA
98243783,1,"Samochód osobowy",NA,NA,NA
98243783,2,"Rower",NA,NA,NA
98243925,1,"Samochód osobowy",NA,NA,NA
98243925,2,"Rower",NA,NA,NA
98243979,1,"Rower",NA,NA,NA
98243979,2,"Samochód osobowy",NA,NA,NA
98244048,1,"Rower",NA,NA,NA
98244048,2,"Samochód osobowy",NA,NA,NA
98244559,1,"Samochód osobowy",NA,NA,NA
98244559,2,"Rower",NA,NA,NA
98244724,1,"Rower",NA,NA,NA
98244724,2,"Samochód ciężarowy DMC powyżej 3,5 T",NA,NA,NA
98245063,1,"Rower",NA,NA,NA
98245063,2,"Samochód osobowy",NA,NA,NA
98245158,1,"Rower",NA,NA,NA
98245158,2,"Samochód osobowy",NA,NA,NA
98245249,1,"Samochód osobowy",NA,NA,NA
98245249,2,"Rower",NA,NA,NA
98245254,1,"Rower",NA,NA,NA
98245254,2,"Samochód osobowy",NA,NA,NA
98245729,1,"Samochód osobowy",NA,NA,NA
98245729,2,"Rower",NA,NA,NA
98246074,1,"Rower",NA,NA,NA
98246074,2,"Samochód osobowy",NA,NA,NA
98246599,1,"Rower",NA,NA,NA
98247516,1,"Samochód osobowy",NA,NA,NA
98247516,2,"Rower",NA,NA,NA
98248320,1,"Rower",NA,NA,NA
98248584,1,"Samochód osobowy",NA,NA,NA
98248584,2,"Rower",NA,NA,NA
98248690,1,"Rower",NA,NA,NA
98248690,2,"Samochód ciężarowy DMC powyżej 3,5 T",NA,NA,NA
98248961,1,"Samochód osobowy",NA,NA,NA
98248961,2,"Rower",NA,NA,NA
98249703,1,"Samochód osobowy",NA,NA,NA
98249703,2,"Rower",NA,NA,NA
98249988,1,"Samochód osobowy",NA,NA,NA
98249988,2,"Rower",NA,NA,NA
98250297,1,"Rower",NA,NA,NA
98250860,1,"Ciągnik rolniczy",NA,NA,NA
98250860,2,"Rower",NA,NA,NA
98250983,1,"Samochód osobowy",NA,NA,NA
98250983,2,"Rower",NA,NA,NA
98250997,1,"Rower",NA,NA,NA
98250997,2,"Samochód osobowy",NA,NA,NA
98251023,1,"Rower",NA,NA,NA
98251023,2,"Samochód osobowy",NA,NA,NA
98251181,1,"Samochód osobowy",NA,NA,NA
98251181,2,"Rower",NA,NA,NA
98251643,1,"Samochód osobowy",NA,NA,NA
98251643,2,"Rower",NA,NA,NA
98251677,1,"Samochód osobowy",NA,NA,NA
98251677,2,"Rower",NA,NA,NA
98251718,1,"Samochód osobowy",NA,NA,NA
98251718,2,"Rower",NA,NA,NA
98252183,1,"Samochód ciężarowy DMC powyżej 3,5 T",NA,NA,NA
98252183,2,"Rower",NA,NA,NA
98252224,1,"Rower",NA,NA,NA
98252224,2,"Samochód osobowy",NA,NA,NA
98252239,1,"Samochód osobowy",NA,NA,NA
98252239,2,"Rower",NA,NA,NA
98252298,1,"Rower",NA,NA,NA
98252520,1,"Rower",NA,NA,NA
98252520,2,"Samochód osobowy",NA,NA,NA
98252528,1,"Samochód osobowy",NA,NA,NA
98252528,2,"Rower",NA,NA,NA
98252533,1,"Samochód osobowy",NA,NA,NA
98252533,2,"Rower",NA,NA,NA
98252563,1,"Samochód osobowy",NA,NA,NA
98252563,2,"Rower",NA,NA,NA
98252570,1,"Rower",NA,NA,NA
98252862,1,"Rower",NA,NA,NA
98252862,2,"Samochód osobowy",NA,NA,NA
98252873,1,"Rower",NA,NA,NA
98252873,2,"Samochód osobowy",NA,NA,NA
98253326,1,"Rower",NA,NA,NA
98253326,2,"Samochód osobowy",NA,NA,NA
98253549,1,"Rower",NA,NA,NA
98253549,2,"Samochód osobowy",NA,NA,NA
98253697,1,"Rower",NA,NA,NA
98253697,2,"Samochód osobowy",NA,NA,NA
98254080,1,"Rower",NA,NA,NA
98254080,2,"Samochód osobowy",NA,NA,NA
98254186,1,"Samochód ciężarowy DMC powyżej 3,5 T",NA,NA,NA
98254186,2,"Rower",NA,NA,NA
98254354,1,"Rower",NA,NA,NA
98254354,2,"Samochód osobowy",NA,NA,NA
98254493,1,"Samochód osobowy",NA,NA,NA
98254493,2,"Rower",NA,NA,NA
98255528,1,"Samochód osobowy",NA,NA,NA
98255528,2,"Rower",NA,NA,NA
98255830,1,"Samochód osobowy",NA,NA,NA
98255830,2,"Rower",NA,NA,NA
98257408,1,"Rower",NA,NA,NA
98257408,2,"Samochód osobowy",NA,NA,NA
98257477,1,"Pojazd nieustalony",NA,NA,NA
98257477,2,"Rower",NA,NA,NA
98258193,1,"Samochód osobowy",NA,NA,NA
98258193,2,"Rower",NA,NA,NA
98259060,1,"Samochód osobowy",NA,NA,NA
98259060,2,"Rower",NA,NA,NA
98259424,1,"Samochód osobowy",NA,NA,NA
98259424,2,"Rower",NA,NA,NA
98260027,1,"Rower",NA,NA,NA
98260389,1,"Samochód ciężarowy DMC powyżej 3,5 T",NA,NA,NA
98260389,2,"Rower",NA,NA,NA
98260421,1,"Rower",NA,NA,NA
98260421,2,"Motorower",NA,NA,NA
98260763,1,"Samochód osobowy",NA,NA,NA
98260763,2,"Rower",NA,NA,NA
98260953,1,"Samochód osobowy",NA,NA,NA
98260953,2,"Rower",NA,NA,NA
98261236,1,"Rower",NA,NA,NA
98261236,2,"Motocykl inny",NA,NA,NA
98261261,1,"Rower",NA,NA,NA
98261261,2,"Samochód osobowy",NA,NA,NA
98262313,1,"Samochód osobowy",NA,NA,NA
98262313,2,"Rower",NA,NA,NA
98263321,1,"Samochód osobowy",NA,NA,NA
98263321,2,"Rower",NA,NA,NA
98263683,1,"Rower",NA,NA,NA
98263683,2,"Samochód osobowy",NA,NA,NA
98265052,1,"Samochód osobowy",NA,NA,NA
98265052,2,"Rower",NA,NA,NA
98265234,1,"Rower",NA,NA,NA
98265234,2,"Tramwaj, trolejbus",NA,NA,NA
98265413,1,"Rower",NA,NA,NA
98265413,2,"Rower",NA,NA,NA
98265475,1,"Rower",NA,NA,NA
98266526,1,"Rower",NA,NA,NA
98266526,2,"Samochód osobowy",NA,NA,NA
98268985,1,"Rower",NA,NA,NA
98269146,1,"Samochód osobowy",NA,NA,NA
98269146,2,"Rower",NA,NA,NA
98269146,3,"Samochód osobowy",NA,NA,NA
98269577,1,"Rower",NA,NA,NA
98270031,1,"Rower",NA,NA,NA
98270090,1,"Rower",NA,NA,NA
98270090,2,"Samochód osobowy",NA,NA,NA
98270838,1,"Rower",NA,NA,NA
98270838,2,"Samochód osobowy",NA,NA,NA
98270849,1,"Samochód osobowy",NA,NA,NA
98270849,2,"Rower",NA,NA,NA
98271261,1,"Rower",NA,NA,NA
98271261,2,"Samochód osobowy",NA,NA,NA
98271387,1,"Samochód osobowy",NA,NA,NA
98271387,2,"Rower",NA,NA,NA
98271776,1,"Rower",NA,NA,NA
98271776,2,"Samochód osobowy",NA,NA,NA
98271794,1,"Samochód osobowy",NA,NA,NA
98271794,2,"Rower",NA,NA,NA
98271907,1,"Samochód osobowy",NA,NA,NA
98271907,2,"Rower",NA,NA,NA
98272035,1,"Samochód osobowy",NA,NA,NA
98272035,2,"Rower",NA,NA,NA
98272094,1,"Samochód osobowy",NA,NA,NA
98272094,2,"Rower",NA,NA,NA
98272167,1,"Samochód osobowy",NA,NA,NA
98272167,2,"Rower",NA,NA,NA
98272464,1,"Rower",NA,NA,NA
98273526,1,"Samochód osobowy",NA,NA,NA
98273526,2,"Rower",NA,NA,NA
98273565,1,"Samochód osobowy",NA,NA,NA
98273565,2,"Rower",NA,NA,NA
98273586,1,"Pojazd nieustalony",NA,NA,NA
98273586,2,"Rower",NA,NA,NA
98273633,1,"Rower",NA,NA,NA
98273633,2,"Rower",NA,NA,NA
98273872,1,"Rower",NA,NA,NA
98273872,2,"Samochód osobowy",NA,NA,NA
98274213,1,"Samochód osobowy",NA,NA,NA
98274213,2,"Rower",NA,NA,NA
98274235,1,"Rower",NA,NA,NA
98274235,2,"Rower",NA,NA,NA
98274240,1,"Rower",NA,NA,NA
98274240,2,"Samochód osobowy",NA,NA,NA
98275051,1,"Rower",NA,NA,NA
98275051,2,"Samochód osobowy",NA,NA,NA
98275126,1,"Rower",NA,NA,NA
98275126,2,"Samochód osobowy",NA,NA,NA
98275162,1,"Samochód osobowy",NA,NA,NA
98275162,2,"Rower",NA,NA,NA
98276066,1,"Rower",NA,NA,NA
98276066,2,"Samochód osobowy",NA,NA,NA
98276366,1,"Rower",NA,NA,NA
98276366,2,"Samochód osobowy",NA,NA,NA
98277489,1,"Rower",NA,NA,NA
98277489,2,"Samochód osobowy",NA,NA,NA
98277597,1,"Samochód osobowy",NA,NA,NA
98277597,2,"Rower",NA,NA,NA
98278088,1,"Samochód osobowy",NA,NA,NA
98278088,2,"Rower",NA,NA,NA
98278114,1,"Samochód osobowy",NA,NA,NA
98278114,2,"Rower",NA,NA,NA
98278126,1,"Samochód osobowy",NA,NA,NA
98278126,2,"Rower",NA,NA,NA
98279017,1,"Samochód osobowy",NA,NA,NA
98279017,2,"Rower",NA,NA,NA
98279663,1,"Samochód osobowy",NA,NA,NA
98279663,2,"Rower",NA,NA,NA
98280223,1,"Samochód osobowy",NA,NA,NA
98280223,2,"Rower",NA,NA,NA
98280258,1,"Rower",NA,NA,NA
98280302,1,"Samochód osobowy",NA,NA,NA
98280302,2,"Rower",NA,NA,NA
98280701,1,"Rower",NA,NA,NA
98280905,1,"Rower",NA,NA,NA
98280905,2,"Samochód osobowy",NA,NA,NA
98281288,1,"Samochód osobowy",NA,NA,NA
98281288,2,"Rower",NA,NA,NA
98281388,1,"Samochód osobowy",NA,NA,NA
98281388,2,"Rower",NA,NA,NA
98281843,1,"Rower",NA,NA,NA
98281843,2,"Samochód osobowy",NA,NA,NA
98282185,1,"Rower",NA,NA,NA
98282573,1,"Samochód osobowy",NA,NA,NA
98282573,2,"Rower",NA,NA,NA
98282618,1,"Rower",NA,NA,NA
98282618,2,"Samochód osobowy",NA,NA,NA
98283196,1,"Rower",NA,NA,NA
98283196,2,"Rower",NA,NA,NA
98283440,1,"Samochód osobowy",NA,NA,NA
98283440,2,"Rower",NA,NA,NA
98283772,1,"Ciągnik rolniczy",NA,NA,NA
98283772,2,"Rower",NA,NA,NA
98283997,1,"Rower",NA,NA,NA
98283997,2,"Samochód osobowy",NA,NA,NA
98284299,1,"Samochód osobowy",NA,NA,NA
98284299,2,"Rower",NA,NA,NA
98284520,1,"Samochód osobowy",NA,NA,NA
98284520,2,"Rower",NA,NA,NA
98284760,1,"Rower",NA,NA,NA
98284760,2,"Samochód osobowy",NA,NA,NA
98284824,1,"Rower",NA,NA,NA
98284824,2,"Samochód osobowy",NA,NA,NA
98284876,1,"Rower",NA,NA,NA
98284876,2,"Samochód osobowy",NA,NA,NA
98284897,1,"Samochód osobowy",NA,NA,NA
98284897,2,"Rower",NA,NA,NA
98286416,1,"Rower",NA,NA,NA
98286416,2,"Samochód osobowy",NA,NA,NA
98288004,1,"Samochód osobowy",NA,NA,NA
98288004,2,"Rower",NA,NA,NA
98288196,1,"Samochód osobowy",NA,NA,NA
98288196,2,"Rower",NA,NA,NA
98288217,1,"Rower",NA,NA,NA
98288217,2,"Samochód osobowy",NA,NA,NA
98288226,1,"Samochód osobowy",NA,NA,NA
98288226,2,"Rower",NA,NA,NA
98288411,1,"Rower",NA,NA,NA
98288454,1,"Samochód osobowy",NA,NA,NA
98288454,2,"Rower",NA,NA,NA
98289425,1,"Rower",NA,NA,NA
98289425,2,"Samochód osobowy",NA,NA,NA
98289882,1,"Rower",NA,NA,NA
98289882,2,"Samochód osobowy",NA,NA,NA
98290969,1,"Samochód osobowy",NA,NA,NA
98290969,2,"Rower",NA,NA,NA
98292053,1,"Rower",NA,NA,NA
98292053,2,"Samochód osobowy",NA,NA,NA
98294237,1,"Samochód osobowy",NA,NA,NA
98294237,2,"Rower",NA,NA,NA
98294277,1,"Samochód osobowy",NA,NA,NA
98294277,2,"Rower",NA,NA,NA
98294381,1,"Samochód osobowy",NA,NA,NA
98294381,2,"Rower",NA,NA,NA
98294464,1,"Rower",NA,NA,NA
98294519,1,"Samochód osobowy",NA,NA,NA
98294519,2,"Rower",NA,NA,NA
98294578,1,"Samochód osobowy",NA,NA,NA
98294578,2,"Rower",NA,NA,NA
98294785,1,"Samochód osobowy",NA,NA,NA
98294785,2,"Rower",NA,NA,NA
98294785,3,"Rower",NA,NA,NA
98295138,1,"Samochód osobowy",NA,NA,NA
98295138,2,"Rower",NA,NA,NA
98295531,1,"Samochód osobowy",NA,NA,NA
98295531,2,"Rower",NA,NA,NA
98295531,3,"Samochód osobowy",NA,NA,NA
98295665,1,"Rower",NA,NA,NA
98295665,2,"Rower",NA,NA,NA
98295712,1,"Rower",NA,NA,NA
98295712,2,"Samochód osobowy",NA,NA,NA
98295774,1,"Samochód osobowy",NA,NA,NA
98295774,2,"Rower",NA,NA,NA
98295945,1,"Samochód osobowy",NA,NA,NA
98295945,2,"Rower",NA,NA,NA
98296455,1,"Rower",NA,NA,NA
98296455,2,"Samochód osobowy",NA,NA,NA
98296528,1,"Rower",NA,NA,NA
98296528,2,"Samochód osobowy",NA,NA,NA
98296546,1,"Rower",NA,NA,NA
98296546,2,"Samochód osobowy",NA,NA,NA
98296559,1,"Rower",NA,NA,NA
98296559,2,"Rower",NA,NA,NA
98297186,1,"Samochód osobowy",NA,NA,NA
98297186,2,"Rower",NA,NA,NA
98297468,1,"Rower",NA,NA,NA
98297468,2,"Samochód ciężarowy DMC powyżej 3,5 T",NA,NA,NA
98297963,1,"Rower",NA,NA,NA
98297963,2,"Samochód osobowy",NA,NA,NA
98298080,1,"Pojazd nieustalony",NA,NA,NA
98298080,2,"Rower",NA,NA,NA
98298261,1,"Rower",NA,NA,NA
98298261,2,"Samochód osobowy",NA,NA,NA
98298310,1,"Samochód osobowy",NA,NA,NA
98298310,2,"Rower",NA,NA,NA
98298342,1,"Samochód osobowy",NA,NA,NA
98298342,2,"Rower",NA,NA,NA
98298589,1,"Samochód osobowy",NA,NA,NA
98298589,2,"Rower",NA,NA,NA
98299379,1,"Rower",NA,NA,NA
98299721,1,"Rower",NA,NA,NA
98299854,1,"Rower",NA,NA,NA
98299880,1,"Rower",NA,NA,NA
98299880,2,"Samochód osobowy",NA,NA,NA
98299910,1,"Samochód osobowy",NA,NA,NA
98299910,2,"Rower",NA,NA,NA
98300060,1,"Rower",NA,NA,NA
98300060,2,"Samochód osobowy",NA,NA,NA
98300356,1,"Rower",NA,NA,NA
98300356,2,"Samochód osobowy",NA,NA,NA
98300923,1,"Samochód osobowy",NA,NA,NA
98300923,2,"Rower",NA,NA,NA
98301049,1,"Rower",NA,NA,NA
98301865,1,"Samochód osobowy",NA,NA,NA
98301865,2,"Rower",NA,NA,NA
98302211,1,"Rower",NA,NA,NA
98302211,2,"Samochód osobowy",NA,NA,NA
98302276,1,"Samochód osobowy",NA,NA,NA
98302276,2,"Rower",NA,NA,NA
98302880,1,"Rower",NA,NA,NA
98302880,2,"Samochód osobowy",NA,NA,NA
98302961,1,"Rower",NA,NA,NA
98302961,2,"Samochód osobowy",NA,NA,NA
98304228,1,"Pojazd nieustalony",NA,NA,NA
98304228,2,"Rower",NA,NA,NA
98304283,1,"Samochód osobowy",NA,NA,NA
98304283,2,"Rower",NA,NA,NA
98304283,3,"Samochód osobowy",NA,NA,NA
98304757,1,"Rower",NA,NA,NA
98304757,2,"Rower",NA,NA,NA
98305530,1,"Rower",NA,NA,NA
98305530,2,"Samochód osobowy",NA,NA,NA
98306051,1,"Rower",NA,NA,NA
98306051,2,"Samochód ciężarowy DMC powyżej 3,5 T",NA,NA,NA
98306332,1,"Samochód osobowy",NA,NA,NA
98306332,2,"Rower",NA,NA,NA
98306773,1,"Samochód osobowy",NA,NA,NA
98306773,2,"Rower",NA,NA,NA
98307087,1,"Rower",NA,NA,NA
98308119,1,"Samochód osobowy",NA,NA,NA
98308119,2,"Rower",NA,NA,NA
98308155,1,"Rower",NA,NA,NA
98308155,2,"Samochód osobowy",NA,NA,NA
98308198,1,"Samochód osobowy",NA,NA,NA
98308198,2,"Rower",NA,NA,NA
98308474,1,"Samochód osobowy",NA,NA,NA
98308474,2,"Rower",NA,NA,NA
98308558,1,"Rower",NA,NA,NA
98308558,2,"Samochód osobowy",NA,NA,NA
98308689,1,"Samochód osobowy",NA,NA,NA
98308689,2,"Rower",NA,NA,NA
98308899,1,"Samochód osobowy",NA,NA,NA
98308899,2,"Rower",NA,NA,NA
98308980,1,"Rower",NA,NA,NA
98308980,2,"Samochód osobowy",NA,NA,NA
98309146,1,"Samochód osobowy",NA,NA,NA
98309146,2,"Rower",NA,NA,NA
98309147,1,"Samochód osobowy",NA,NA,NA
98309147,2,"Rower",NA,NA,NA
98309182,1,"Samochód osobowy",NA,NA,NA
98309182,2,"Rower",NA,NA,NA
98309296,1,"Samochód osobowy",NA,NA,NA
98309296,2,"Rower",NA,NA,NA
98309302,1,"Rower",NA,NA,NA
98309302,2,"Rower",NA,NA,NA
98309490,1,"Rower",NA,NA,NA
98309490,2,"Samochód osobowy",NA,NA,NA
98309575,1,"Rower",NA,NA,NA
98309575,2,"Samochód osobowy",NA,NA,NA
98309921,1,"Rower",NA,NA,NA
98309921,2,"Samochód osobowy",NA,NA,NA
98311894,1,"Rower",NA,NA,NA
98311894,2,"Samochód osobowy",NA,NA,NA
98315246,1,"Rower",NA,NA,NA
98315246,2,"Samochód osobowy",NA,NA,NA
98315253,1,"Samochód osobowy",NA,NA,NA
98315253,2,"Rower",NA,NA,NA
98315515,1,"Samochód osobowy",NA,NA,NA
98315515,2,"Rower",NA,NA,NA
98315961,1,"Rower",NA,NA,NA
98315961,2,"Samochód osobowy",NA,NA,NA
98316824,1,"Samochód osobowy",NA,NA,NA
98316824,2,"Rower",NA,NA,NA
98317240,1,"Samochód osobowy",NA,NA,NA
98317240,2,"Rower",NA,NA,NA
98318003,1,"Rower",NA,NA,NA
98318003,2,"Samochód osobowy",NA,NA,NA
98318270,1,"Rower",NA,NA,NA
98318270,2,"Rower",NA,NA,NA
98318305,1,"Rower",NA,NA,NA
98318305,2,"Rower",NA,NA,NA
98318506,1,"Samochód osobowy",NA,NA,NA
98318506,2,"Rower",NA,NA,NA
98318528,1,"Samochód osobowy",NA,NA,NA
98318528,2,"Rower",NA,NA,NA
98318603,1,"Rower",NA,NA,NA
98318603,2,"Samochód osobowy",NA,NA,NA
98318604,1,"Samochód osobowy",NA,NA,NA
98318604,2,"Rower",NA,NA,NA
98319188,1,"Rower",NA,NA,NA
98319188,2,"Samochód osobowy",NA,NA,NA
98319224,1,"Samochód ciężarowy DMC powyżej 3,5 T",NA,NA,NA
98319224,2,"Rower",NA,NA,NA
98319593,1,"Rower",NA,NA,NA
98319593,2,"Samochód osobowy",NA,NA,NA
98319770,1,"Samochód ciężarowy DMC powyżej 3,5 T",NA,NA,NA
98319770,2,"Rower",NA,NA,NA
98320621,1,"Rower",NA,NA,NA
98320621,2,"Samochód osobowy",NA,NA,NA
98320943,1,"Samochód osobowy",NA,NA,NA
98320943,2,"Rower",NA,NA,NA
98320950,1,"Samochód osobowy",NA,NA,NA
98320950,2,"Rower",NA,NA,NA
98321040,1,"Rower",NA,NA,NA
98321040,2,"Samochód osobowy",NA,NA,NA
98321348,1,"Samochód osobowy",NA,NA,NA
98321348,2,"Rower",NA,NA,NA
98321735,1,"Rower",NA,NA,NA
98321735,2,"Samochód osobowy",NA,NA,NA
98321824,1,"Rower",NA,NA,NA
98321824,2,"Samochód osobowy",NA,NA,NA
98322215,1,"Samochód osobowy",NA,NA,NA
98322215,2,"Rower",NA,NA,NA
98322230,1,"Samochód osobowy",NA,NA,NA
98322230,2,"Rower",NA,NA,NA
98322311,1,"Samochód osobowy",NA,NA,NA
98322311,2,"Rower",NA,NA,NA
98323182,1,"Rower",NA,NA,NA
98324505,1,"Rower",NA,NA,NA
98324505,2,"Samochód osobowy",NA,NA,NA
98325037,1,"Samochód osobowy",NA,NA,NA
98325037,2,"Rower",NA,NA,NA
98325307,1,"Samochód osobowy",NA,NA,NA
98325307,2,"Rower",NA,NA,NA
98325333,1,"Samochód osobowy",NA,NA,NA
98325333,2,"Rower",NA,NA,NA
98325337,1,"Rower",NA,NA,NA
98325337,2,"Samochód osobowy",NA,NA,NA
98325536,1,"Rower",NA,NA,NA
98325536,2,"Autobus inny",NA,NA,NA
98326063,1,"Rower",NA,NA,NA
98326063,2,"Samochód osobowy",NA,NA,NA
98326466,1,"Samochód osobowy",NA,NA,NA
98326466,2,"Rower",NA,NA,NA
98326818,1,"Samochód osobowy",NA,NA,NA
98326818,2,"Rower",NA,NA,NA
98326886,1,"Rower",NA,NA,NA
98326886,2,"Samochód osobowy",NA,NA,NA
98327749,1,"Samochód osobowy",NA,NA,NA
98327749,2,"Rower",NA,NA,NA
98327758,1,"Rower",NA,NA,NA
98327758,2,"Samochód osobowy",NA,NA,NA
98327931,1,"Samochód osobowy",NA,NA,NA
98327931,2,"Rower",NA,NA,NA
98328082,1,"Rower",NA,NA,NA
98328082,2,"Samochód osobowy",NA,NA,NA
98328627,1,"Samochód osobowy",NA,NA,NA
98328627,2,"Rower",NA,NA,NA
98328664,1,"Samochód osobowy",NA,NA,NA
98328664,2,"Rower",NA,NA,NA
98328986,1,"Samochód osobowy",NA,NA,NA
98328986,2,"Rower",NA,NA,NA
98328996,1,"Samochód osobowy",NA,NA,NA
98328996,2,"Rower",NA,NA,NA
98329004,1,"Rower",NA,NA,NA
98329012,1,"Rower",NA,NA,NA
98329017,1,"Samochód osobowy",NA,NA,NA
98329017,2,"Rower",NA,NA,NA
98329207,1,"Samochód osobowy",NA,NA,NA
98329207,2,"Rower",NA,NA,NA
98329330,1,"Rower",NA,NA,NA
98329330,2,"Samochód osobowy",NA,NA,NA
98329682,1,"Samochód osobowy",NA,NA,NA
98329682,2,"Rower",NA,NA,NA
98329953,1,"Rower",NA,NA,NA
98330310,1,"Rower",NA,NA,NA
98330310,2,"Samochód osobowy",NA,NA,NA
98330346,1,"Rower",NA,NA,NA
98330346,2,"Samochód osobowy",NA,NA,NA
98330513,1,"Rower",NA,NA,NA
98330513,2,"Samochód osobowy",NA,NA,NA
98330739,1,"Samochód osobowy",NA,NA,NA
98330739,2,"Rower",NA,NA,NA
98330975,1,"Samochód osobowy",NA,NA,NA
98330975,2,"Rower",NA,NA,NA
98331281,1,"Rower",NA,NA,NA
98331281,2,"Rower",NA,NA,NA
98331985,1,"Rower",NA,NA,NA
98332061,1,"Samochód osobowy",NA,NA,NA
98332061,2,"Rower",NA,NA,NA
98332183,1,"Samochód osobowy",NA,NA,NA
98332183,2,"Rower",NA,NA,NA
98332200,1,"Rower",NA,NA,NA
98332200,2,"Samochód osobowy",NA,NA,NA
98332263,1,"Samochód osobowy",NA,NA,NA
98332263,2,"Rower",NA,NA,NA
98332834,1,"Rower",NA,NA,NA
98332834,2,"Rower",NA,NA,NA
98333194,1,"Rower",NA,NA,NA
98333194,2,"Samochód osobowy",NA,NA,NA
98333736,1,"Rower",NA,NA,NA
98333736,2,"Samochód osobowy",NA,NA,NA
98334021,1,"Samochód osobowy",NA,NA,NA
98334021,2,"Rower",NA,NA,NA
98336249,1,"Rower",NA,NA,NA
98336249,2,"Samochód osobowy",NA,NA,NA
98336688,1,"Rower",NA,NA,NA
98337256,1,"Samochód osobowy",NA,NA,NA
98337256,2,"Rower",NA,NA,NA
98337604,1,"Samochód osobowy",NA,NA,NA
98337604,2,"Rower",NA,NA,NA
98337655,1,"Rower",NA,NA,NA
98337655,2,"Rower",NA,NA,NA
98337682,1,"Rower",NA,NA,NA
98337682,2,"Samochód osobowy",NA,NA,NA
98337717,1,"Rower",NA,NA,NA
98337717,2,"Samochód osobowy",NA,NA,NA
98337720,1,"Samochód osobowy",NA,NA,NA
98337720,2,"Rower",NA,NA,NA
98337728,1,"Samochód osobowy",NA,NA,NA
98337728,2,"Rower",NA,NA,NA
98338815,1,"Rower",NA,NA,NA
98338867,1,"Samochód osobowy",NA,NA,NA
98338867,2,"Rower",NA,NA,NA
98339222,1,"Rower",NA,NA,NA
98339222,2,"Samochód osobowy",NA,NA,NA
98339607,1,"Rower",NA,NA,NA
98339607,2,"Samochód osobowy",NA,NA,NA
98339620,1,"Samochód osobowy",NA,NA,NA
98339620,2,"Rower",NA,NA,NA
98339878,1,"Rower",NA,NA,NA
98339878,2,"Samochód osobowy",NA,NA,NA
98340122,1,"Samochód osobowy",NA,NA,NA
98340122,2,"Rower",NA,NA,NA
98340474,1,"Samochód osobowy",NA,NA,NA
98340474,2,"Rower",NA,NA,NA
98340566,1,"Samochód osobowy",NA,NA,NA
98340566,2,"Rower",NA,NA,NA
98340777,1,"Rower",NA,NA,NA
98340816,1,"Samochód osobowy",NA,NA,NA
98340816,2,"Rower",NA,NA,NA
98341071,1,"Rower",NA,NA,NA
98341071,2,"Samochód osobowy",NA,NA,NA
98341095,1,"Rower",NA,NA,NA
98341095,2,"Samochód osobowy",NA,NA,NA
98341219,1,"Rower",NA,NA,NA
98341219,2,"Samochód osobowy",NA,NA,NA
98341396,1,"Samochód osobowy",NA,NA,NA
98341396,2,"Rower",NA,NA,NA
98341428,1,"Samochód osobowy",NA,NA,NA
98341428,2,"Rower",NA,NA,NA
98341685,1,"Samochód osobowy",NA,NA,NA
98341685,2,"Rower",NA,NA,NA
98342016,1,"Samochód osobowy",NA,NA,NA
98342016,2,"Rower",NA,NA,NA
98342439,1,"Rower",NA,NA,NA
98342439,2,"Samochód osobowy",NA,NA,NA
98342460,1,"Rower",NA,NA,NA
98342460,2,"Samochód osobowy",NA,NA,NA
98342625,1,"Samochód osobowy",NA,NA,NA
98342625,2,"Rower",NA,NA,NA
98342626,1,"Samochód osobowy",NA,NA,NA
98342626,2,"Rower",NA,NA,NA
98342962,1,"Rower",NA,NA,NA
98342962,2,"Samochód osobowy",NA,NA,NA
98343322,1,"Rower",NA,NA,NA
98343437,1,"Samochód osobowy",NA,NA,NA
98343437,2,"Rower",NA,NA,NA
98344034,1,"Samochód osobowy",NA,NA,NA
98344034,2,"Rower",NA,NA,NA
98344101,1,"Rower",NA,NA,NA
98344101,2,"Samochód osobowy",NA,NA,NA
98344257,1,"Rower",NA,NA,NA
98344257,2,"Samochód osobowy",NA,NA,NA
98344689,1,"Samochód osobowy",NA,NA,NA
98344689,2,"Rower",NA,NA,NA
98344736,1,"Samochód osobowy",NA,NA,NA
98344736,2,"Rower",NA,NA,NA
98344825,1,"Rower",NA,NA,NA
98344825,2,"Samochód osobowy",NA,NA,NA
98344885,1,"Samochód osobowy",NA,NA,NA
98344885,2,"Rower",NA,NA,NA
98345507,1,"Samochód osobowy",NA,NA,NA
98345507,2,"Rower",NA,NA,NA
98345714,1,"Rower",NA,NA,NA
98345714,2,"Rower",NA,NA,NA
98345717,1,"Rower",NA,NA,NA
98345717,2,"Samochód osobowy",NA,NA,NA
98345817,1,"Samochód osobowy",NA,NA,NA
98345817,2,"Rower",NA,NA,NA
98346372,1,"Samochód osobowy",NA,NA,NA
98346372,2,"Rower",NA,NA,NA
98346679,1,"Rower",NA,NA,NA
98346679,2,"Motocykl inny",NA,NA,NA
98346801,1,"Pojazd nieustalony",NA,NA,NA
98346801,2,"Rower",NA,NA,NA
98346919,1,"Samochód osobowy",NA,NA,NA
98346919,2,"Rower",NA,NA,NA
98347045,1,"Rower",NA,NA,NA
98347324,1,"Rower",NA,NA,NA
98347324,2,"Samochód osobowy",NA,NA,NA
98347362,1,"Rower",NA,NA,NA
98347362,2,"Samochód osobowy",NA,NA,NA
98347589,1,"Rower",NA,NA,NA
98347589,2,"Samochód osobowy",NA,NA,NA
98347772,1,"Samochód osobowy",NA,NA,NA
98347772,2,"Rower",NA,NA,NA
98347780,1,"Samochód osobowy",NA,NA,NA
98347780,2,"Rower",NA,NA,NA
98347832,1,"Samochód osobowy",NA,NA,NA
98347832,2,"Rower",NA,NA,NA
98348017,1,"Rower",NA,NA,NA
98348017,2,"Samochód osobowy",NA,NA,NA
98348519,1,"Samochód osobowy",NA,NA,NA
98348519,2,"Rower",NA,NA,NA
98348682,1,"Samochód osobowy",NA,NA,NA
98348682,2,"Rower",NA,NA,NA
98348939,1,"Rower",NA,NA,NA
98348939,2,"Samochód osobowy",NA,NA,NA
98349124,1,"Rower",NA,NA,NA
98349124,2,"Samochód osobowy",NA,NA,NA
98349356,1,"Samochód osobowy",NA,NA,NA
98349356,2,"Rower",NA,NA,NA
98349436,1,"Samochód osobowy",NA,NA,NA
98349436,2,"Rower",NA,NA,NA
98351119,1,"Rower",NA,NA,NA
98351119,2,"Samochód osobowy",NA,NA,NA
98351621,1,"Rower",NA,NA,NA
98351621,2,"Samochód osobowy",NA,NA,NA
98353172,1,"Samochód osobowy",NA,NA,NA
98353172,2,"Rower",NA,NA,NA
98353181,1,"Samochód osobowy",NA,NA,NA
98353181,2,"Rower",NA,NA,NA
98353244,1,"Rower",NA,NA,NA
98353574,1,"Samochód osobowy",NA,NA,NA
98353574,2,"Rower",NA,NA,NA
98353583,1,"Samochód ciężarowy DMC powyżej 3,5 T",NA,NA,NA
98353583,2,"Rower",NA,NA,NA
98353820,1,"Samochód osobowy",NA,NA,NA
98353820,2,"Rower",NA,NA,NA
98353821,1,"Samochód osobowy",NA,NA,NA
98353821,2,"Rower",NA,NA,NA
98354732,1,"Samochód osobowy",NA,NA,NA
98354732,2,"Rower",NA,NA,NA
98355209,1,"Rower",NA,NA,NA
98355209,2,"Samochód osobowy",NA,NA,NA
98355787,1,"Rower",NA,NA,NA
98356009,1,"Rower",NA,NA,NA
98356009,2,"Samochód osobowy",NA,NA,NA
98356025,1,"Rower",NA,NA,NA
98356025,2,"Samochód osobowy",NA,NA,NA
98356652,1,"Samochód osobowy",NA,NA,NA
98356652,2,"Rower",NA,NA,NA
98356835,1,"Samochód osobowy",NA,NA,NA
98356835,2,"Rower",NA,NA,NA
98356937,1,"Rower",NA,NA,NA
98356937,2,"Samochód osobowy",NA,NA,NA
98357083,1,"Rower",NA,NA,NA
98357088,1,"Rower",NA,NA,NA
98357088,2,"Rower",NA,NA,NA
98357145,1,"Rower",NA,NA,NA
98357145,2,"Samochód osobowy",NA,NA,NA
98357367,1,"Samochód osobowy",NA,NA,NA
98357367,2,"Rower",NA,NA,NA
98357436,1,"Samochód osobowy",NA,NA,NA
98357436,2,"Rower",NA,NA,NA
98357657,1,"Samochód osobowy",NA,NA,NA
98357657,2,"Rower",NA,NA,NA
98358575,1,"Rower",NA,NA,NA
98360993,1,"Rower",NA,NA,NA
98360993,2,"Rower",NA,NA,NA
98361009,1,"Rower",NA,NA,NA
98361009,2,"Samochód osobowy",NA,NA,NA
98364113,1,"Rower",NA,NA,NA
98364113,2,"Samochód osobowy",NA,NA,NA
98366067,1,"Rower",NA,NA,NA
98366067,2,"Samochód osobowy",NA,NA,NA
98366733,1,"Samochód osobowy",NA,NA,NA
98366733,2,"Rower",NA,NA,NA
98366816,1,"Rower",NA,NA,NA
98366816,2,"Samochód osobowy",NA,NA,NA
98366882,1,"Rower",NA,NA,NA
98366882,2,"Rower",NA,NA,NA
98368012,1,"Samochód osobowy",NA,NA,NA
98368012,2,"Rower",NA,NA,NA
98368400,1,"Samochód ciężarowy DMC powyżej 3,5 T",NA,NA,NA
98368400,2,"Rower",NA,NA,NA
98368637,1,"Samochód osobowy",NA,NA,NA
98368637,2,"Rower",NA,NA,NA
98368722,1,"Samochód osobowy",NA,NA,NA
98368722,2,"Rower",NA,NA,NA
98372107,1,"Rower",NA,NA,NA
98372145,1,"Rower",NA,NA,NA
98372145,2,"Samochód osobowy",NA,NA,NA
98373040,1,"Rower",NA,NA,NA
98373040,2,"Samochód osobowy",NA,NA,NA
98373051,1,"Samochód osobowy",NA,NA,NA
98373051,2,"Rower",NA,NA,NA
98375373,1,"Pojazd nieustalony",NA,NA,NA
98375373,2,"Rower",NA,NA,NA
98375568,1,"Rower",NA,NA,NA
98375568,2,"Samochód osobowy",NA,NA,NA
98376043,1,"Rower",NA,NA,NA
98376043,2,"Samochód osobowy",NA,NA,NA
98376145,1,"Rower",NA,NA,NA
98376145,2,"Samochód osobowy",NA,NA,NA
98376160,1,"Samochód osobowy",NA,NA,NA
98376160,2,"Rower",NA,NA,NA
98376169,1,"Rower",NA,NA,NA
98376169,2,"Samochód osobowy",NA,NA,NA
98376350,1,"Samochód osobowy",NA,NA,NA
98376350,2,"Rower",NA,NA,NA
98376814,1,"Rower",NA,NA,NA
98376880,1,"Rower",NA,NA,NA
98376982,1,"Samochód osobowy",NA,NA,NA
98376982,2,"Rower",NA,NA,NA
98377567,1,"Samochód osobowy",NA,NA,NA
98377567,2,"Rower",NA,NA,NA
98378101,1,"Rower",NA,NA,NA
98378101,2,"Samochód osobowy",NA,NA,NA
98378585,1,"Rower",NA,NA,NA
98378585,2,"Samochód osobowy",NA,NA,NA
98379257,1,"Samochód osobowy",NA,NA,NA
98379257,2,"Rower",NA,NA,NA
98379541,1,"Rower",NA,NA,NA
98379541,2,"Samochód osobowy",NA,NA,NA
98379700,1,"Rower",NA,NA,NA
98379700,2,"Samochód osobowy",NA,NA,NA
98380180,1,"Rower",NA,NA,NA
98380180,2,"Samochód osobowy",NA,NA,NA
98380432,1,"Rower",NA,NA,NA
98380432,2,"Samochód osobowy",NA,NA,NA
98380432,3,"Samochód osobowy",NA,NA,NA
98380460,1,"Samochód osobowy",NA,NA,NA
98380460,2,"Rower",NA,NA,NA
98380481,1,"Rower",NA,NA,NA
98380481,2,"Samochód osobowy",NA,NA,NA
98381588,1,"Rower",NA,NA,NA
98381588,2,"Samochód osobowy",NA,NA,NA
98381786,1,"Samochód osobowy",NA,NA,NA
98381786,2,"Rower",NA,NA,NA
98382043,1,"Samochód osobowy",NA,NA,NA
98382043,2,"Rower",NA,NA,NA
98382269,1,"Rower",NA,NA,NA
98382695,1,"Rower",NA,NA,NA
98382695,2,"Motocykl inny",NA,NA,NA
98384236,1,"Samochód osobowy",NA,NA,NA
98384236,2,"Rower",NA,NA,NA
98384531,1,"Samochód osobowy",NA,NA,NA
98384531,2,"Rower",NA,NA,NA
98384603,1,"Samochód osobowy",NA,NA,NA
98384603,2,"Rower",NA,NA,NA
98385332,1,"Rower",NA,NA,NA
98385332,2,"Samochód osobowy",NA,NA,NA
98385429,1,"Samochód osobowy",NA,NA,NA
98385429,2,"Rower",NA,NA,NA
98385642,1,"Samochód osobowy",NA,NA,NA
98385642,2,"Rower",NA,NA,NA
98386038,1,"Rower",NA,NA,NA
98386038,2,"Samochód osobowy",NA,NA,NA
98387442,1,"Samochód osobowy",NA,NA,NA
98387442,2,"Rower",NA,NA,NA
98387799,1,"Rower",NA,NA,NA
98387799,2,"Samochód osobowy",NA,NA,NA
98387883,1,"Samochód osobowy",NA,NA,NA
98387883,2,"Rower",NA,NA,NA
98388078,1,"Samochód osobowy",NA,NA,NA
98388078,2,"Rower",NA,NA,NA
98388100,1,"Samochód osobowy",NA,NA,NA
98388100,2,"Samochód osobowy",NA,NA,NA
98388100,3,"Rower",NA,NA,NA
98388100,4,"Rower",NA,NA,NA
98388802,1,"Samochód osobowy",NA,NA,NA
98388802,2,"Rower",NA,NA,NA
98389221,1,"Rower",NA,NA,NA
98389221,2,"Samochód osobowy",NA,NA,NA
98389379,1,"Autobus komunikacji publicznej",NA,NA,NA
98389379,2,"Rower",NA,NA,NA
98390168,1,"Samochód osobowy",NA,NA,NA
98390168,2,"Rower",NA,NA,NA
98390186,1,"Rower",NA,NA,NA
98390186,2,"Samochód osobowy",NA,NA,NA
98390661,1,"Samochód osobowy",NA,NA,NA
98390661,2,"Rower",NA,NA,NA
98390740,1,"Rower",NA,NA,NA
98390740,2,"Rower",NA,NA,NA
98391444,1,"Rower",NA,NA,NA
98392338,1,"Rower",NA,NA,NA
98392347,1,"Samochód ciężarowy DMC powyżej 3,5 T",NA,NA,NA
98392347,2,"Rower",NA,NA,NA
98392674,1,"Samochód osobowy",NA,NA,NA
98392674,2,"Rower",NA,NA,NA
98392929,1,"Samochód osobowy",NA,NA,NA
98392929,2,"Rower",NA,NA,NA
98393182,1,"Rower",NA,NA,NA
98393449,1,"Ciągnik rolniczy",NA,NA,NA
98393449,2,"Rower",NA,NA,NA
98393605,1,"Rower",NA,NA,NA
98393605,2,"Samochód osobowy",NA,NA,NA
98393680,1,"Rower",NA,NA,NA
98393680,2,"Samochód osobowy",NA,NA,NA
98394041,1,"Rower",NA,NA,NA
98394041,2,"Samochód osobowy",NA,NA,NA
98394528,1,"Rower",NA,NA,NA
98394528,2,"Samochód osobowy",NA,NA,NA
98394548,1,"Rower",NA,NA,NA
98394548,2,"Samochód osobowy",NA,NA,NA
98395051,1,"Rower",NA,NA,NA
98395502,1,"Rower",NA,NA,NA
98396035,1,"Rower",NA,NA,NA
98396035,2,"Samochód osobowy",NA,NA,NA
98396284,1,"Rower",NA,NA,NA
98396284,2,"Rower",NA,NA,NA
98396318,1,"Rower",NA,NA,NA
98396318,2,"Samochód osobowy",NA,NA,NA
98396421,1,"Rower",NA,NA,NA
98396788,1,"Rower",NA,NA,NA
98396788,2,"Samochód osobowy",NA,NA,NA
98397100,1,"Samochód osobowy",NA,NA,NA
98397100,2,"Rower",NA,NA,NA
98397180,1,"Rower",NA,NA,NA
98397180,2,"Samochód osobowy",NA,NA,NA
98397450,1,"Samochód osobowy",NA,NA,NA
98397450,2,"Rower",NA,NA,NA
98398366,1,"Samochód osobowy",NA,NA,NA
98398366,2,"Rower",NA,NA,NA
98398557,1,"Samochód osobowy",NA,NA,NA
98398557,2,"Rower",NA,NA,NA
98398791,1,"Rower",NA,NA,NA
98398791,2,"Rower",NA,NA,NA
98399876,1,"Samochód osobowy",NA,NA,NA
98399876,2,"Rower",NA,NA,NA
98400474,1,"Samochód osobowy",NA,NA,NA
98400474,2,"Rower",NA,NA,NA
98400783,1,"Samochód osobowy",NA,NA,NA
98400783,2,"Rower",NA,NA,NA
98400905,1,"Rower",NA,NA,NA
98400905,2,"Samochód osobowy",NA,NA,NA
98401457,1,"Samochód osobowy",NA,NA,NA
98401457,2,"Rower",NA,NA,NA
98401559,1,"Rower",NA,NA,NA
98401559,2,"Samochód osobowy",NA,NA,NA
98401565,1,"Samochód osobowy",NA,NA,NA
98401565,2,"Rower",NA,NA,NA
98401576,1,"Rower",NA,NA,NA
98401576,2,"Samochód osobowy",NA,NA,NA
98401650,1,"Rower",NA,NA,NA
98401650,2,"Rower",NA,NA,NA
98401661,1,"Samochód osobowy",NA,NA,NA
98401661,2,"Rower",NA,NA,NA
98402444,1,"Samochód osobowy",NA,NA,NA
98402444,2,"Rower",NA,NA,NA
98403880,1,"Samochód osobowy",NA,NA,NA
98403880,2,"Rower",NA,NA,NA
98403976,1,"Samochód osobowy",NA,NA,NA
98403976,2,"Rower",NA,NA,NA
98405371,1,"Samochód osobowy",NA,NA,NA
98405371,2,"Rower",NA,NA,NA
98405563,1,"Samochód osobowy",NA,NA,NA
98405563,2,"Rower",NA,NA,NA
98405679,1,"Samochód ciężarowy DMC powyżej 3,5 T",NA,NA,NA
98405679,2,"Rower",NA,NA,NA
98406433,1,"Rower",NA,NA,NA
98406459,1,"Samochód osobowy",NA,NA,NA
98406459,2,"Rower",NA,NA,NA
98406480,1,"Rower",NA,NA,NA
98407223,1,"Rower",NA,NA,NA
98407223,2,"Samochód osobowy",NA,NA,NA
98407484,1,"Samochód osobowy",NA,NA,NA
98407484,2,"Rower",NA,NA,NA
98407596,1,"Samochód osobowy",NA,NA,NA
98407596,2,"Rower",NA,NA,NA
98407598,1,"Rower",NA,NA,NA
98407598,2,"Samochód osobowy",NA,NA,NA
98407600,1,"Samochód osobowy",NA,NA,NA
98407600,2,"Rower",NA,NA,NA
98408018,1,"Samochód osobowy",NA,NA,NA
98408018,2,"Samochód osobowy",NA,NA,NA
98408018,3,"Rower",NA,NA,NA
98408615,1,"Rower",NA,NA,NA
98408615,2,"Samochód osobowy",NA,NA,NA
98409354,1,"Samochód osobowy",NA,NA,NA
98409354,2,"Rower",NA,NA,NA
98409506,1,"Rower",NA,NA,NA
98409506,2,"Samochód osobowy",NA,NA,NA
98409960,1,"Samochód osobowy",NA,NA,NA
98409960,2,"Rower",NA,NA,NA
98410331,1,"Rower",NA,NA,NA
98411026,1,"Rower",NA,NA,NA
98411026,2,"Rower",NA,NA,NA
98411511,1,"Samochód osobowy",NA,NA,NA
98411511,2,"Rower",NA,NA,NA
98411556,1,"Samochód osobowy",NA,NA,NA
98411556,2,"Rower",NA,NA,NA
98412284,1,"Samochód osobowy",NA,NA,NA
98412284,2,"Rower",NA,NA,NA
98412568,1,"Samochód osobowy",NA,NA,NA
98412568,2,"Rower",NA,NA,NA
98412583,1,"Samochód osobowy",NA,NA,NA
98412583,2,"Rower",NA,NA,NA
98414600,1,"Samochód osobowy",NA,NA,NA
98414600,2,"Rower",NA,NA,NA
98414702,1,"Rower",NA,NA,NA
98414709,1,"Rower",NA,NA,NA
98414709,2,"Samochód osobowy",NA,NA,NA
98414950,1,"Samochód osobowy",NA,NA,NA
98414950,2,"Rower",NA,NA,NA
98415004,1,"Samochód osobowy",NA,NA,NA
98415004,2,"Rower",NA,NA,NA
98415414,1,"Samochód osobowy",NA,NA,NA
98415414,2,"Rower",NA,NA,NA
98415696,1,"Rower",NA,NA,NA
98415696,2,"Samochód osobowy",NA,NA,NA
98415959,1,"Rower",NA,NA,NA
98415959,2,"Samochód osobowy",NA,NA,NA
98418128,1,"Samochód osobowy",NA,NA,NA
98418128,2,"Rower",NA,NA,NA
98418309,1,"Samochód osobowy",NA,NA,NA
98418309,2,"Rower",NA,NA,NA
98418382,1,"Rower",NA,NA,NA
98418382,2,"Rower",NA,NA,NA
98418572,1,"Samochód osobowy",NA,NA,NA
98418572,2,"Rower",NA,NA,NA
98418572,3,"Rower",NA,NA,NA
98419031,1,"Samochód osobowy",NA,NA,NA
98419031,2,"Rower",NA,NA,NA
98419031,3,"Rower",NA,NA,NA
98419783,1,"Samochód osobowy",NA,NA,NA
98419783,2,"Rower",NA,NA,NA
98419883,1,"Samochód osobowy",NA,NA,NA
98419883,2,"Rower",NA,NA,NA
98420532,1,"Rower",NA,NA,NA
98420532,2,"Samochód osobowy",NA,NA,NA
98421313,1,"Rower",NA,NA,NA
98421439,1,"Rower",NA,NA,NA
98421439,2,"Samochód osobowy",NA,NA,NA
98421565,1,"Samochód osobowy",NA,NA,NA
98421565,2,"Rower",NA,NA,NA
98423016,1,"Samochód osobowy",NA,NA,NA
98423016,2,"Rower",NA,NA,NA
98423156,1,"Rower",NA,NA,NA
98423156,2,"Samochód osobowy",NA,NA,NA
98424333,1,"Samochód osobowy",NA,NA,NA
98424333,2,"Rower",NA,NA,NA
98424729,1,"Rower",NA,NA,NA
98424729,2,"Samochód osobowy",NA,NA,NA
98425676,1,"Rower",NA,NA,NA
98425676,2,"Samochód osobowy",NA,NA,NA
98425697,1,"Samochód osobowy",NA,NA,NA
98425697,2,"Rower",NA,NA,NA
98425778,1,"Samochód ciężarowy DMC powyżej 3,5 T",NA,NA,NA
98425778,2,"Rower",NA,NA,NA
98425790,1,"Rower",NA,NA,NA
98425790,2,"Samochód osobowy",NA,NA,NA
98426179,1,"Samochód osobowy",NA,NA,NA
98426179,2,"Rower",NA,NA,NA
98426650,1,"Samochód osobowy",NA,NA,NA
98426650,2,"Rower",NA,NA,NA
98427958,1,"Inny",NA,NA,NA
98427958,2,"Rower",NA,NA,NA
98428304,1,"Rower",NA,NA,NA
98428407,1,"Samochód osobowy",NA,NA,NA
98428407,2,"Rower",NA,NA,NA
98429256,1,"Samochód osobowy",NA,NA,NA
98429256,2,"Rower",NA,NA,NA
98430397,1,"Motorower",NA,NA,NA
98430397,2,"Rower",NA,NA,NA
98441372,1,"Samochód osobowy",NA,NA,NA
98441372,2,"Rower",NA,NA,NA
98441697,1,"Samochód osobowy",NA,NA,NA
98441697,2,"Rower",NA,NA,NA
98442382,1,"Rower",NA,NA,NA
98442382,2,"Samochód osobowy",NA,NA,NA
98442408,1,"Samochód osobowy",NA,NA,NA
98442408,2,"Rower",NA,NA,NA
98442433,1,"Samochód osobowy",NA,NA,NA
98442433,2,"Rower",NA,NA,NA
98442829,1,"Samochód osobowy",NA,NA,NA
98442829,2,"Rower",NA,NA,NA
98443571,1,"Rower",NA,NA,NA
98443571,2,"Samochód osobowy",NA,NA,NA
98443683,1,"Rower",NA,NA,NA
98443683,2,"Samochód osobowy",NA,NA,NA
98443707,1,"Rower",NA,NA,NA
98443756,1,"Rower",NA,NA,NA
98443756,2,"Samochód osobowy",NA,NA,NA
98443840,1,"Samochód osobowy",NA,NA,NA
98443840,2,"Rower",NA,NA,NA
98444370,1,"Samochód osobowy",NA,NA,NA
98444370,2,"Rower",NA,NA,NA
98445948,1,"Samochód osobowy",NA,NA,NA
98445948,2,"Rower",NA,NA,NA
98446366,1,"Samochód osobowy",NA,NA,NA
98446366,2,"Rower",NA,NA,NA
98446378,1,"Rower",NA,NA,NA
98446378,2,"Samochód osobowy",NA,NA,NA
98448493,1,"Rower",NA,NA,NA
98448493,2,"Samochód osobowy",NA,NA,NA
98448928,1,"Rower",NA,NA,NA
98448928,2,"Rower",NA,NA,NA
98449153,1,"Rower",NA,NA,NA
98449153,2,"Samochód osobowy",NA,NA,NA
98449153,3,"Samochód osobowy",NA,NA,NA
98449344,1,"Rower",NA,NA,NA
98449344,2,"Rower",NA,NA,NA
98449660,1,"Rower",NA,NA,NA
98451578,1,"Rower",NA,NA,NA
98451578,2,"Rower",NA,NA,NA
98453183,1,"Samochód osobowy",NA,NA,NA
98453183,2,"Rower",NA,NA,NA
98453204,1,"Samochód osobowy",NA,NA,NA
98453204,2,"Rower",NA,NA,NA
98454870,1,"Rower",NA,NA,NA
98454870,2,"Samochód osobowy",NA,NA,NA
98455550,1,"Samochód osobowy",NA,NA,NA
98455550,2,"Rower",NA,NA,NA
98455864,1,"Rower",NA,NA,NA
98457484,1,"Samochód osobowy",NA,NA,NA
98457484,2,"Rower",NA,NA,NA
98457503,1,"Rower",NA,NA,NA
98457503,2,"Samochód osobowy",NA,NA,NA
98457719,1,"Rower",NA,NA,NA
98457719,2,"Rower",NA,NA,NA
98460513,1,"Rower",NA,NA,NA
98460707,1,"Samochód osobowy",NA,NA,NA
98460707,2,"Rower",NA,NA,NA
98461270,1,"Samochód osobowy",NA,NA,NA
98461270,2,"Rower",NA,NA,NA
98461320,1,"Rower",NA,NA,NA
98461320,2,"Samochód ciężarowy DMC powyżej 3,5 T",NA,NA,NA
98461442,1,"Rower",NA,NA,NA
98461442,2,"Samochód osobowy",NA,NA,NA
98461458,1,"Samochód osobowy",NA,NA,NA
98461458,2,"Rower",NA,NA,NA
98461793,1,"Samochód osobowy",NA,NA,NA
98461793,2,"Rower",NA,NA,NA
98464552,1,"Rower",NA,NA,NA
98464552,2,"Samochód osobowy",NA,NA,NA
98464940,1,"Samochód osobowy",NA,NA,NA
98464940,2,"Rower",NA,NA,NA
98467351,1,"Rower",NA,NA,NA
98467351,2,"Samochód osobowy",NA,NA,NA
98467376,1,"Rower",NA,NA,NA
98467376,2,"Samochód osobowy",NA,NA,NA
98481892,1,"Samochód osobowy",NA,NA,NA
98481892,2,"Rower",NA,NA,NA
98483951,1,"Rower",NA,NA,NA
98483951,2,"Samochód osobowy",NA,NA,NA
98505404,1,"Motorower",NA,NA,NA
98505404,2,"Rower",NA,NA,NA
98509616,1,"Rower",NA,NA,NA
98509616,2,"Samochód osobowy",NA,NA,NA
98509661,1,"Rower",NA,NA,NA
98509661,2,"Samochód osobowy",NA,NA,NA
98509665,1,"Rower",NA,NA,NA
98509665,2,"Samochód osobowy",NA,NA,NA
98613418,1,"Rower",NA,NA,NA
98613418,2,"Samochód osobowy",NA,NA,NA
98613428,1,"Samochód osobowy",NA,NA,NA
98613428,2,"Rower",NA,NA,NA
98614836,1,"Samochód osobowy",NA,NA,NA
98614836,2,"Rower",NA,NA,NA
98615067,1,"Rower",NA,NA,NA
98615349,1,"Rower",NA,NA,NA
98615349,2,"Samochód osobowy",NA,NA,NA
98616111,1,"Samochód osobowy",NA,NA,NA
98616111,2,"Rower",NA,NA,NA
98616812,1,"Samochód osobowy",NA,NA,NA
98616812,2,"Rower",NA,NA,NA
98619637,1,"Rower",NA,NA,NA
98619637,2,"Samochód osobowy",NA,NA,NA
98619794,1,"Samochód osobowy",NA,NA,NA
98619794,2,"Rower",NA,NA,NA
98620017,1,"Rower",NA,NA,NA
98620498,1,"Samochód osobowy",NA,NA,NA
98620498,2,"Rower",NA,NA,NA
98621747,1,"Rower",NA,NA,NA
98621747,2,"Samochód osobowy",NA,NA,NA
98621883,1,"Samochód osobowy",NA,NA,NA
98621883,2,"Rower",NA,NA,NA
98622152,1,"Samochód osobowy",NA,NA,NA
98622152,2,"Rower",NA,NA,NA
98623097,1,"Samochód osobowy",NA,NA,NA
98623097,2,"Rower",NA,NA,NA
98623403,1,"Samochód osobowy",NA,NA,NA
98623403,2,"Rower",NA,NA,NA
98623657,1,"Samochód osobowy",NA,NA,NA
98623657,2,"Rower",NA,NA,NA
98623963,1,"Samochód osobowy",NA,NA,NA
98623963,2,"Rower",NA,NA,NA
98624003,1,"Samochód osobowy",NA,NA,NA
98624003,2,"Rower",NA,NA,NA
98624337,1,"Samochód osobowy",NA,NA,NA
98624337,2,"Rower",NA,NA,NA
98624795,1,"Rower",NA,NA,NA
98624795,2,"Samochód osobowy",NA,NA,NA
98624835,1,"Samochód osobowy",NA,NA,NA
98624835,2,"Rower",NA,NA,NA
98625059,1,"Samochód osobowy",NA,NA,NA
98625059,2,"Rower",NA,NA,NA
98625194,1,"Samochód osobowy",NA,NA,NA
98625194,2,"Rower",NA,NA,NA
98626982,1,"Samochód ciężarowy DMC powyżej 3,5 T",NA,NA,NA
98626982,2,"Rower",NA,NA,NA
98630435,1,"Samochód osobowy",NA,NA,NA
98630435,2,"Rower",NA,NA,NA
98631201,1,"Rower",NA,NA,NA
98631201,2,"Samochód osobowy",NA,NA,NA
98633100,1,"Samochód osobowy",NA,NA,NA
98633100,2,"Rower",NA,NA,NA
98633786,1,"Pojazd nieustalony",NA,NA,NA
98633786,2,"Rower",NA,NA,NA
98634054,1,"Samochód osobowy",NA,NA,NA
98634054,2,"Rower",NA,NA,NA
98634157,1,"Samochód osobowy",NA,NA,NA
98634157,2,"Rower",NA,NA,NA
98636996,1,"Samochód osobowy",NA,NA,NA
98636996,2,"Rower",NA,NA,NA
98640048,1,"Samochód osobowy",NA,NA,NA
98640048,2,"Rower",NA,NA,NA
98640151,1,"Samochód osobowy",NA,NA,NA
98640151,2,"Rower",NA,NA,NA
98640151,3,"Samochód osobowy",NA,NA,NA
98640246,1,"Samochód osobowy",NA,NA,NA
98640246,2,"Rower",NA,NA,NA
98640922,1,"Rower",NA,NA,NA
98640922,2,"Samochód osobowy",NA,NA,NA
98641134,1,"Samochód osobowy",NA,NA,NA
98641134,2,"Rower",NA,NA,NA
98641149,1,"Pojazd nieustalony",NA,NA,NA
98641149,2,"Rower",NA,NA,NA
98641633,1,"Samochód osobowy",NA,NA,NA
98641633,2,"Rower",NA,NA,NA
98642041,1,"Rower",NA,NA,NA
98642041,2,"Samochód osobowy",NA,NA,NA
98642320,1,"Samochód osobowy",NA,NA,NA
98642320,2,"Rower",NA,NA,NA
98644921,1,"Samochód osobowy",NA,NA,NA
98644921,2,"Rower",NA,NA,NA
98648419,1,"Samochód osobowy",NA,NA,NA
98648419,2,"Rower",NA,NA,NA
98649107,1,"Samochód osobowy",NA,NA,NA
98649107,2,"Rower",NA,NA,NA
98649831,1,"Samochód osobowy",NA,NA,NA
98649831,2,"Rower",NA,NA,NA
98650280,1,"Rower",NA,NA,NA
98650280,2,"Samochód osobowy",NA,NA,NA
98656447,1,"Samochód osobowy",NA,NA,NA
98656447,2,"Rower",NA,NA,NA
98656864,1,"Samochód osobowy",NA,NA,NA
98656864,2,"Rower",NA,NA,NA
98658269,1,"Samochód osobowy",NA,NA,NA
98658269,2,"Rower",NA,NA,NA
98659087,1,"Rower",NA,NA,NA
98659346,1,"Rower",NA,NA,NA
98659346,2,"Samochód osobowy",NA,NA,NA
98660858,1,"Samochód osobowy",NA,NA,NA
98660858,2,"Rower",NA,NA,NA
98662880,1,"Samochód osobowy",NA,NA,NA
98662880,2,"Rower",NA,NA,NA
98662991,1,"Samochód osobowy",NA,NA,NA
98662991,2,"Rower",NA,NA,NA
98663005,1,"Samochód osobowy",NA,NA,NA
98663005,2,"Rower",NA,NA,NA
98663474,1,"Samochód osobowy",NA,NA,NA
98663474,2,"Rower",NA,NA,NA
98664476,1,"Rower",NA,NA,NA
98664476,2,"Samochód osobowy",NA,NA,NA
98667981,1,"Samochód osobowy",NA,NA,NA
98667981,2,"Rower",NA,NA,NA
98669385,1,"Samochód osobowy",NA,NA,NA
98669385,2,"Rower",NA,NA,NA
98669657,1,"Samochód osobowy",NA,NA,NA
98669657,2,"Rower",NA,NA,NA
98670624,1,"Samochód osobowy",NA,NA,NA
98670624,2,"Rower",NA,NA,NA
98674854,1,"Samochód ciężarowy DMC powyżej 3,5 T",NA,NA,NA
98674854,2,"Rower",NA,NA,NA
98676088,1,"Samochód osobowy",NA,NA,NA
98676088,2,"Rower",NA,NA,NA
98676691,1,"Samochód osobowy",NA,NA,NA
98676691,2,"Rower",NA,NA,NA
98677391,1,"Samochód osobowy",NA,NA,NA
98677391,2,"Rower",NA,NA,NA
98678890,1,"Rower",NA,NA,NA
98678890,2,"Samochód osobowy",NA,NA,NA
98680752,1,"Samochód osobowy",NA,NA,NA
98680752,2,"Rower",NA,NA,NA
98682239,1,"Samochód osobowy",NA,NA,NA
98682239,2,"Rower",NA,NA,NA
98682333,1,"Rower",NA,NA,NA
98683414,1,"Samochód osobowy",NA,NA,NA
98683414,2,"Rower",NA,NA,NA
98685144,1,"Samochód osobowy",NA,NA,NA
98685144,2,"Rower",NA,NA,NA
98685250,1,"Samochód osobowy",NA,NA,NA
98685250,2,"Rower",NA,NA,NA
98685745,1,"Samochód osobowy",NA,NA,NA
98685745,2,"Rower",NA,NA,NA
98687334,1,"Rower",NA,NA,NA
98687334,2,"Samochód osobowy",NA,NA,NA
98689478,1,"Samochód osobowy",NA,NA,NA
98689478,2,"Rower",NA,NA,NA
98689807,1,"Samochód osobowy",NA,NA,NA
98689807,2,"Rower",NA,NA,NA
98690540,1,"Samochód osobowy",NA,NA,NA
98690540,2,"Rower",NA,NA,NA
98693208,1,"Samochód osobowy",NA,NA,NA
98693208,2,"Rower",NA,NA,NA
98696557,1,"Rower",NA,NA,NA
98696557,2,"Samochód osobowy",NA,NA,NA
98696599,1,"Samochód osobowy",NA,NA,NA
98696599,2,"Rower",NA,NA,NA
98697072,1,"Samochód osobowy",NA,NA,NA
98697072,2,"Rower",NA,NA,NA
98700649,1,"Rower",NA,NA,NA
98701384,1,"Rower",NA,NA,NA
98701384,2,"Samochód osobowy",NA,NA,NA
98701385,1,"Samochód osobowy",NA,NA,NA
98701385,2,"Rower",NA,NA,NA
98701416,1,"Rower",NA,NA,NA
98701416,2,"Samochód osobowy",NA,NA,NA
98701587,1,"Rower",NA,NA,NA
98701587,2,"Samochód osobowy",NA,NA,NA
98702692,1,"Samochód osobowy",NA,NA,NA
98702692,2,"Rower",NA,NA,NA
98703408,1,"Samochód osobowy",NA,NA,NA
98703408,2,"Rower",NA,NA,NA
98703985,1,"Samochód osobowy",NA,NA,NA
98703985,2,"Rower",NA,NA,NA
98704023,1,"Rower",NA,NA,NA
98704023,2,"Samochód osobowy",NA,NA,NA
98704046,1,"Samochód osobowy",NA,NA,NA
98704046,2,"Rower",NA,NA,NA
98707651,1,"Samochód osobowy",NA,NA,NA
98707651,2,"Rower",NA,NA,NA
98707695,1,"Rower",NA,NA,NA
98707695,2,"Samochód osobowy",NA,NA,NA
98710226,1,"Rower",NA,NA,NA
98710226,2,"Samochód osobowy",NA,NA,NA
98710226,3,"Samochód ciężarowy DMC powyżej 3,5 T",NA,NA,NA
98715094,1,"Rower",NA,NA,NA
98715094,2,"Samochód osobowy",NA,NA,NA
98718674,1,"Samochód osobowy",NA,NA,NA
98718674,2,"Rower",NA,NA,NA
98719028,1,"Samochód osobowy",NA,NA,NA
98719028,2,"Rower",NA,NA,NA
98720334,1,"Rower",NA,NA,NA
98720334,2,"Samochód osobowy",NA,NA,NA
98723347,1,"Rower",NA,NA,NA
98723347,2,"Samochód osobowy",NA,NA,NA
98724952,1,"Rower",NA,NA,NA
98724952,2,"Samochód osobowy",NA,NA,NA
98734341,1,"Rower",NA,NA,NA
98734341,2,"Samochód osobowy",NA,NA,NA
98734931,1,"Samochód osobowy",NA,NA,NA
98734931,2,"Rower",NA,NA,NA
